{
	"info": {
		"_postman_id": "c975961c-bcaa-44d3-aae4-855c9405985b",
		"name": "WAY",
		"schema": "https://schema.getpostman.com/json/collection/v2.1.0/collection.json",
		"_exporter_id": "4984709"
	},
	"item": [
		{
			"name": "Auth",
			"item": [
				{
					"name": "send code",
					"request": {
						"method": "POST",
						"header": [
							{
								"key": "Accept",
								"value": "application/json",
								"type": "default"
							},
							{
								"key": "Content-Type",
								"value": "application/json",
								"type": "default"
							}
						],
						"body": {
							"mode": "raw",
							"raw": "{\r\n    \"mobile\": \"09365371300\"\r\n}",
							"options": {
								"raw": {
									"language": "json"
								}
							}
						},
						"url": {
							"raw": "{{base_url}}/api/v1/auth/send_code",
							"host": [
								"{{base_url}}"
							],
							"path": [
								"api",
								"v1",
								"auth",
								"send_code"
							]
						}
					},
					"response": []
				},
				{
					"name": "confirmation code",
					"event": [
						{
							"listen": "test",
							"script": {
								"exec": [
									"var jsonData = JSON.parse(responseBody);\r",
									"pm.environment.set(\"token\", jsonData.data.token);"
								],
								"type": "text/javascript"
							}
						}
					],
					"request": {
						"method": "POST",
						"header": [
							{
								"key": "Accept",
								"value": "application/json",
								"type": "default"
							},
							{
								"key": "Content-Type",
								"value": "application/json",
								"type": "default"
							}
						],
						"body": {
							"mode": "raw",
							"raw": "{\r\n    \"mobile\": \"09365371300\",\r\n    \"code\": \"11111\"\r\n}",
							"options": {
								"raw": {
									"language": "json"
								}
							}
						},
						"url": {
							"raw": "{{base_url}}/api/v1/auth/confirmation_code",
							"host": [
								"{{base_url}}"
							],
							"path": [
								"api",
								"v1",
								"auth",
								"confirmation_code"
							]
						}
					},
					"response": []
				}
			]
		},
		{
			"name": "Websocket",
			"item": [
				{
					"name": "auth new messages",
					"request": {
						"auth": {
							"type": "bearer",
							"bearer": [
								{
									"key": "token",
									"value": "{{token}}",
									"type": "string"
								}
							]
						},
						"method": "POST",
						"header": [
							{
								"key": "Accept",
								"value": "application/json",
								"type": "text"
							},
							{
								"key": "Content-Type",
								"value": "application/json",
								"type": "text"
							}
						],
						"body": {
							"mode": "raw",
							"raw": "{\r\n    \"socket_id\": \"699803710.4845780\",\r\n    \"channel_names\": [\r\n        \"private-new_messages.id_message_hook.20\",\r\n        \"private-new_messages.id_message_hook.21\",\r\n        \"private-new_messages.id_message_hook.22\"\r\n    ]\r\n}",
							"options": {
								"raw": {
									"language": "json"
								}
							}
						},
						"url": {
							"raw": "{{base_url}}/api/v1/websocket/auth-new-messages",
							"host": [
								"{{base_url}}"
							],
							"path": [
								"api",
								"v1",
								"websocket",
								"auth-new-messages"
							]
						}
					},
					"response": []
				},
				{
					"name": "auth for all websockets",
					"request": {
						"auth": {
							"type": "bearer",
							"bearer": [
								{
									"key": "token",
									"value": "{{token}}",
									"type": "string"
								}
							]
						},
						"method": "POST",
						"header": [
							{
								"key": "Accept",
								"value": "application/json",
								"type": "text"
							},
							{
								"key": "Content-Type",
								"value": "application/json",
								"type": "text"
							},
							{
								"key": "x-app-id",
								"value": "{{app_id}}",
								"type": "text",
								"disabled": true
							}
						],
						"body": {
							"mode": "raw",
							"raw": "{\r\n    \"socket_id\": \"267499057.882048137\",\r\n    \"channel_name\": \"private-user.1\"\r\n}",
							"options": {
								"raw": {
									"language": "json"
								}
							}
						},
						"url": {
							"raw": "{{base_url}}/api/broadcasting/auth",
							"host": [
								"{{base_url}}"
							],
							"path": [
								"api",
								"broadcasting",
								"auth"
							]
						}
					},
					"response": []
				}
			]
		},
		{
			"name": "User",
			"item": [
				{
					"name": "Info",
					"item": [
						{
							"name": "user info",
							"request": {
								"auth": {
									"type": "bearer",
									"bearer": [
										{
											"key": "token",
											"value": "{{token}}",
											"type": "string"
										}
									]
								},
								"method": "PUT",
								"header": [
									{
										"key": "Accept",
										"value": "application/json",
										"type": "default"
									},
									{
										"key": "Content-Type",
										"value": "application/json",
										"type": "default"
									}
								],
								"body": {
									"mode": "raw",
									"raw": "{\r\n    \"name\": \"aleex 30\",\r\n    \"gender\": 0,\r\n    \"username\": \"alitna30\"\r\n}\r\n",
									"options": {
										"raw": {
											"language": "json"
										}
									}
								},
								"url": {
									"raw": "{{base_url}}/api/v1/user/info/update",
									"host": [
										"{{base_url}}"
									],
									"path": [
										"api",
										"v1",
										"user",
										"info",
										"update"
									]
								},
								"description": "gender : [\n    man = 1,\n    woman = 0\n]"
							},
							"response": []
						},
						{
							"name": "get info",
							"request": {
								"auth": {
									"type": "bearer",
									"bearer": [
										{
											"key": "token",
											"value": "{{token}}",
											"type": "string"
										}
									]
								},
								"method": "GET",
								"header": [
									{
										"key": "Accept",
										"value": "application/json",
										"type": "default"
									},
									{
										"key": "Content-Type",
										"value": "application/json",
										"type": "default"
									}
								],
								"url": {
									"raw": "{{base_url}}/api/v1/user/info",
									"host": [
										"{{base_url}}"
									],
									"path": [
										"api",
										"v1",
										"user",
										"info"
									]
								},
								"description": "gender : [\n    man = 1,\n    woman = 0\n]"
							},
							"response": []
						}
					]
				},
				{
					"name": "Avatars",
					"item": [
						{
							"name": "set avatar",
							"request": {
								"auth": {
									"type": "bearer",
									"bearer": [
										{
											"key": "token",
											"value": "{{token}}",
											"type": "string"
										}
									]
								},
								"method": "POST",
								"header": [
									{
										"key": "Accept",
										"value": "application/json",
										"type": "default"
									},
									{
										"warning": "This is a duplicate header and will be overridden by the Content-Type header generated by Postman.",
										"key": "Content-Type",
										"value": "application/json",
										"type": "default"
									}
								],
								"body": {
									"mode": "formdata",
									"formdata": [
										{
											"key": "avatar",
											"type": "file",
											"src": "/C:/Users/IRPCPRO/Pictures/Video Projects/1678301351p47014.jpg"
										}
									]
								},
								"url": {
									"raw": "{{base_url}}/api/v1/avatar/set_avatar",
									"host": [
										"{{base_url}}"
									],
									"path": [
										"api",
										"v1",
										"avatar",
										"set_avatar"
									]
								}
							},
							"response": []
						},
						{
							"name": "get last avatar",
							"request": {
								"auth": {
									"type": "bearer",
									"bearer": [
										{
											"key": "token",
											"value": "{{token}}",
											"type": "string"
										}
									]
								},
								"method": "GET",
								"header": [
									{
										"key": "Accept",
										"value": "application/json",
										"type": "default"
									},
									{
										"warning": "This is a duplicate header and will be overridden by the Content-Type header generated by Postman.",
										"key": "Content-Type",
										"value": "application/json",
										"type": "default"
									}
								],
								"url": {
									"raw": "{{base_url}}/api/v1/avatar/get_last_avatar",
									"host": [
										"{{base_url}}"
									],
									"path": [
										"api",
										"v1",
										"avatar",
										"get_last_avatar"
									]
								}
							},
							"response": []
						},
						{
							"name": "get avatars",
							"request": {
								"auth": {
									"type": "bearer",
									"bearer": [
										{
											"key": "token",
											"value": "{{token}}",
											"type": "string"
										}
									]
								},
								"method": "GET",
								"header": [
									{
										"key": "Accept",
										"value": "application/json",
										"type": "default"
									},
									{
										"warning": "This is a duplicate header and will be overridden by the Content-Type header generated by Postman.",
										"key": "Content-Type",
										"value": "application/json",
										"type": "default"
									}
								],
								"url": {
									"raw": "{{base_url}}/api/v1/avatar/get_avatars",
									"host": [
										"{{base_url}}"
									],
									"path": [
										"api",
										"v1",
										"avatar",
										"get_avatars"
									]
								}
							},
							"response": []
						},
						{
							"name": "delete avatar",
							"request": {
								"auth": {
									"type": "bearer",
									"bearer": [
										{
											"key": "token",
											"value": "{{token}}",
											"type": "string"
										}
									]
								},
								"method": "DELETE",
								"header": [
									{
										"key": "Accept",
										"value": "application/json",
										"type": "default"
									},
									{
										"warning": "This is a duplicate header and will be overridden by the Content-Type header generated by Postman.",
										"key": "Content-Type",
										"value": "application/json",
										"type": "default"
									}
								],
								"url": {
									"raw": "{{base_url}}/api/v1/avatar/delete_avatar/4",
									"host": [
										"{{base_url}}"
									],
									"path": [
										"api",
										"v1",
										"avatar",
										"delete_avatar",
										"4"
									]
								}
							},
							"response": []
						}
					]
				},
				{
					"name": "Contacts",
					"item": [
						{
							"name": "get contacts list",
							"request": {
								"auth": {
									"type": "bearer",
									"bearer": [
										{
											"key": "token",
											"value": "{{token}}",
											"type": "string"
										}
									]
								},
								"method": "GET",
								"header": [
									{
										"key": "Accept",
										"value": "application/json",
										"type": "default"
									},
									{
										"key": "Content-Type",
										"value": "application/json",
										"type": "default"
									}
								],
								"url": {
									"raw": "{{base_url}}/api/v1/contacts/list",
									"host": [
										"{{base_url}}"
									],
									"path": [
										"api",
										"v1",
										"contacts",
										"list"
									]
								}
							},
							"response": []
						},
						{
							"name": "add contact",
							"request": {
								"auth": {
									"type": "bearer",
									"bearer": [
										{
											"key": "token",
											"value": "{{token}}",
											"type": "string"
										}
									]
								},
								"method": "POST",
								"header": [
									{
										"key": "Accept",
										"value": "application/json",
										"type": "default"
									},
									{
										"key": "Content-Type",
										"value": "application/json",
										"type": "default"
									}
								],
								"body": {
									"mode": "raw",
									"raw": "{\r\n    \"id_user\": \"2\",\r\n    \"mobile\": \"09365371302\",\r\n    \"name\": \"my best firends\"\r\n}",
									"options": {
										"raw": {
											"language": "json"
										}
									}
								},
								"url": {
									"raw": "{{base_url}}/api/v1/contacts/add",
									"host": [
										"{{base_url}}"
									],
									"path": [
										"api",
										"v1",
										"contacts",
										"add"
									]
								}
							},
							"response": []
						},
						{
							"name": "update contact",
							"request": {
								"auth": {
									"type": "bearer",
									"bearer": [
										{
											"key": "token",
											"value": "{{token}}",
											"type": "string"
										}
									]
								},
								"method": "PUT",
								"header": [
									{
										"key": "Accept",
										"value": "application/json",
										"type": "default"
									},
									{
										"key": "Content-Type",
										"value": "application/json",
										"type": "default"
									}
								],
								"body": {
									"mode": "raw",
									"raw": "{\r\n    \"name\": \"my firend\",\r\n    \"mobile\": \"09365371302\"\r\n}",
									"options": {
										"raw": {
											"language": "json"
										}
									}
								},
								"url": {
									"raw": "{{base_url}}/api/v1/contacts/update/2",
									"host": [
										"{{base_url}}"
									],
									"path": [
										"api",
										"v1",
										"contacts",
										"update",
										"2"
									]
								}
							},
							"response": []
						},
						{
							"name": "delete contact",
							"request": {
								"auth": {
									"type": "bearer",
									"bearer": [
										{
											"key": "token",
											"value": "{{token}}",
											"type": "string"
										}
									]
								},
								"method": "DELETE",
								"header": [
									{
										"key": "Accept",
										"value": "application/json",
										"type": "default"
									},
									{
										"key": "Content-Type",
										"value": "application/json",
										"type": "default"
									}
								],
								"body": {
									"mode": "raw",
									"raw": "",
									"options": {
										"raw": {
											"language": "json"
										}
									}
								},
								"url": {
									"raw": "{{base_url}}/api/v1/contacts/delete/2",
									"host": [
										"{{base_url}}"
									],
									"path": [
										"api",
										"v1",
										"contacts",
										"delete",
										"2"
									]
								}
							},
							"response": []
						}
					]
				}
			]
		},
		{
			"name": "Search User",
			"item": [
				{
					"name": "Search",
					"protocolProfileBehavior": {
						"disableBodyPruning": true
					},
					"request": {
						"auth": {
							"type": "bearer",
							"bearer": [
								{
									"key": "token",
									"value": "{{token}}",
									"type": "string"
								}
							]
						},
						"method": "GET",
						"header": [
							{
								"key": "Accept",
								"value": "application/json",
								"type": "default"
							},
							{
								"key": "Content-Type",
								"value": "application/json",
								"type": "default"
							}
						],
						"body": {
							"mode": "raw",
							"raw": "{\r\n    \"username\": \"\",\r\n    \"mobile\": \"09365371302\"\r\n}",
							"options": {
								"raw": {
									"language": "json"
								}
							}
						},
						"url": {
							"raw": "{{base_url}}/api/v1/search-user/search",
							"host": [
								"{{base_url}}"
							],
							"path": [
								"api",
								"v1",
								"search-user",
								"search"
							]
						},
						"description": "this request should just send \"username\" or \"mobile\".\n\nif both entered, mobile is more priority."
					},
					"response": []
				}
			]
		},
		{
			"name": "Chat",
			"item": [
				{
					"name": "send message",
					"request": {
						"auth": {
							"type": "bearer",
							"bearer": [
								{
									"key": "token",
									"value": "{{token}}",
									"type": "string"
								}
							]
						},
						"method": "POST",
						"header": [
							{
								"key": "Accept",
								"value": "application/json",
								"type": "default"
							},
							{
								"key": "Content-Type",
								"value": "application/json",
								"type": "default"
							}
						],
						"body": {
							"mode": "raw",
							"raw": "{\r\n    \"id_message_hook\": 20,\r\n    \"id_user\": 2,\r\n    \"context\": \"Hello my friend ...\"\r\n}",
							"options": {
								"raw": {
									"language": "json"
								}
							}
						},
						"url": {
							"raw": "{{base_url}}/api/v1/chat/send-message",
							"host": [
								"{{base_url}}"
							],
							"path": [
								"api",
								"v1",
								"chat",
								"send-message"
							]
						},
						"description": "if id_message_hook is entered, it will be validated [true or false].\n\nid_message_hook be null, id_user will validated."
					},
					"response": []
				},
				{
					"name": "get messages",
					"request": {
						"auth": {
							"type": "bearer",
							"bearer": [
								{
									"key": "token",
									"value": "{{token}}",
									"type": "string"
								}
							]
						},
						"method": "GET",
						"header": [
							{
								"key": "Accept",
								"value": "application/json",
								"type": "default"
							},
							{
								"key": "Content-Type",
								"value": "application/json",
								"type": "default"
							}
						],
						"url": {
							"raw": "{{base_url}}/api/v1/chat/get-messages/20/56",
							"host": [
								"{{base_url}}"
							],
							"path": [
								"api",
								"v1",
								"chat",
								"get-messages",
								"20",
								"56"
							]
						}
					},
					"response": []
				},
				{
					"name": "get list chats",
					"request": {
						"auth": {
							"type": "bearer",
							"bearer": [
								{
									"key": "token",
									"value": "{{token}}",
									"type": "string"
								}
							]
						},
						"method": "GET",
						"header": [
							{
								"key": "Accept",
								"value": "application/json",
								"type": "default"
							},
							{
								"key": "Content-Type",
								"value": "application/json",
								"type": "default"
							}
						],
						"url": {
							"raw": "{{base_url}}/api/v1/chat/get-list-chats",
							"host": [
								"{{base_url}}"
							],
							"path": [
								"api",
								"v1",
								"chat",
								"get-list-chats"
							]
						}
					},
					"response": []
				}
			]
		}
	]
}