{
	"id": "daf8987e-25a0-49cd-94ad-b96e0fbb821f",
	"name": "WAY Socket",
	"values": [
		{
			"key": "base_url",
			"value": "http://localhost:8000",
			"type": "default",
			"enabled": true
		},
		{
			"key": "token",
			"value": "",
			"type": "default",
			"enabled": true
		},
		{
			"key": "websocket",
			"value": "ws://localhost:6001",
			"type": "default",
			"enabled": true
		},
		{
			"key": "app_key",
			"value": "way_app_key",
			"type": "default",
			"enabled": true
		},
		{
			"key": "app_id",
			"value": "way_app_id",
			"type": "default",
			"enabled": true
		}
	],
	"_postman_variable_scope": "environment",
	"_postman_exported_at": "2023-03-21T16:34:12.668Z",
	"_postman_exported_using": "Postman/9.30.4"
}